1676402518,D,260,6250
1669780869,D,264,4071
1651692598,P,399,2759
1647545934,D,280,3736
1654188034,P,307,5831
1656400775,P,342,3667
1658666160,P,350,6308
1667514054,P,283,4447
1651197871,D,402,3518
1646951357,P,288,2627
1659285566,D,268,6860
1648526207,D,423,2797
1659046024,D,343,3729
1677548165,P,327,6867
1673052425,P,407,4945
1651401907,D,417,6484
1655386555,P,374,2530
1675239528,P,263,3850
1651050382,P,322,3247
1666653754,P,450,5955
1669958132,D,283,6256
1657323653,P,412,5449
1654879993,D,255,4744
1651231719,P,267,5896
1670322228,P,300,3098
1650979935,D,248,6199
1662054435,D,287,6094
1654594397,P,268,5117
1671891426,D,372,6660
1657591513,P,395,4771
1650824739,P,415,6766
1646744033,D,241,6684
1666658251,D,311,3968
1666051346,P,421,5218
1671103492,D,298,3747
1656864010,P,311,6523
1651165472,P,372,3472
1650559733,D,331,4032
1664494673,D,254,4125
1649682747,P,242,5298
1671615083,P,345,3465
1649892845,P,328,3573
1668204622,P,304,6353
1676561828,P,428,3243
1674523344,P,275,4975
1662170385,P,381,2863
1669772015,P,414,3326
1652662722,D,376,6572
1665406092,D,419,2668
1664587468,P,396,3289
1667502336,D,351,6581
1647298642,D,446,3294
1677034930,D,454,3538
1658444493,P,426,2561
1650763846,P,338,6982
1666942018,P,315,5255
1673314594,P,444,5464
1667701732,P,285,6518
1649576964,D,292,6595
1664273882,P,391,2910
1674188716,D,335,6868
1664173984,D,398,2736
1670446937,D,269,5692
1655602020,P,300,3876
1665711690,D,278,3418
1663852529,P,409,6804
1656288266,D,382,3185
1671406547,D,443,5699
1665678248,P,277,6811
1673331343,D,245,4362
1646795641,D,452,4658
1662622522,D,271,3245
1650514487,P,358,3414
1656060485,D,438,2695
1659858255,P,444,3736
1652375587,D,406,5951
1651182344,D,317,4526
1659767987,D,285,5333
1650512968,P,342,6228
1650309921,P,445,4839
1677384123,P,416,4345
1667300942,D,372,5504
1668437491,D,274,6639
1671762611,P,360,3580
1663276315,D,292,5679
1657699893,P,454,4093
1656085579,D,388,3324
1655809642,D,382,4453
1676419745,D,386,3735
1671118758,D,311,4823
1666971048,D,368,5027
1676961081,D,307,6690
1676667838,D,437,5237
1672682571,D,339,2570
1648840572,P,325,3589
1653037697,D,309,4867
1676953157,P,396,5481
1657238724,P,426,5790
1672785793,P,269,4731
1652055545,D,299,3231
1664589748,D,405,4446
1674513022,P,328,4528
1674366353,P,391,4180
1660019345,P,455,3847
1652627943,D,397,4147
1667745035,D,260,4432
1675164273,D,425,4903
1651152940,P,343,4764
1664861075,P,399,6634
1647816157,D,299,4860
1653624185,D,403,5801
1658588072,D,369,6584
1676525201,P,337,4994
1650487718,D,330,5034
1665533158,P,305,3632
1667959202,D,399,3403
1656394338,D,425,5550
1659926364,D,426,6254
1656964745,P,309,3439
1674548114,P,314,6218
1658963601,D,328,3471
1647660043,P,347,2739
1648538185,P,265,3050
1671547336,D,341,6078
1658203355,P,314,4112
1654788406,P,420,2570
1668536812,D,376,3174
1650265970,P,427,6934
1652348044,D,289,3125
1675504755,D,275,4794
1662371681,D,255,3166
1674611207,P,303,4931
1677045660,P,272,4874
1654398424,D,285,6679
1661527054,P,423,3201
1657970196,D,266,4961
1653322967,D,268,5943
1672564052,P,242,6750
1675747888,D,409,5151
1666330115,D,239,5236
1648040904,P,366,3339
1654623549,P,431,4126
1665878622,P,352,3393
1670182487,D,442,6495
1662329367,D,355,5214
1650780256,P,414,3794
1668349286,D,444,4352
1651379736,D,292,2858
1662202423,D,387,3514
1672421197,D,286,5211
1665954975,P,246,3744
1655662657,D,383,3192
1664472137,P,360,4081
1653554336,P,381,6270
1665800416,P,314,2787
1649086242,D,406,6265
1672662850,D,434,5847
1676069961,D,422,6056
1655227306,P,312,3787
1664706770,D,423,4941
1661096219,D,345,5433
1673632716,P,317,3714
1654257802,D,314,3299
1654623504,P,270,6143
1647485018,D,248,5252
1656561176,D,249,3044
1652505339,P,416,4890
1666624001,D,409,6580
1673319106,P,317,4575
1660248004,D,329,4286
1664174227,D,407,5417
1672475372,D,258,4405
1668529578,D,399,6965
1670920084,P,258,4810
1666231295,P,427,6443
1673927652,D,264,2895
1671989542,D,359,6680
1673243364,P,444,6187
1653086008,P,356,6127
1676420012,P,373,3726
1654351087,P,332,6743
1662407565,D,274,5806
1659272489,D,353,4610
1662660957,P,407,4909
1664381461,P,304,5669
1657525715,P,374,2832
1650069782,P,366,4490
1661461189,P,386,6025
1675126476,P,389,6880
1670098972,D,389,3914
1649454742,D,411,3667
1651457519,P,362,4667
1677334124,D,336,2887
1666827454,D,421,2783
1663568656,P,296,4721
1658959050,D,388,5177
1647996063,D,418,3351
1664012881,P,436,6804
1648138974,P,245,4595
1669607949,D,267,3494
1671342791,P,274,3205
1649308352,D,431,4245
1662249103,P,370,4453
1657429487,P,406,6231
1651291948,P,446,3594
1669009571,D,288,5631
1647305748,P,290,2548
1647272019,D,311,5587
1650922485,P,367,3170
1675732496,D,308,3411
1674174584,P,292,6266
1660577074,D,439,2991
1657346375,D,427,6452
1658374617,D,289,3598
1650002896,P,394,2691
1659558346,P,263,6360
1675924096,P,307,3921
1669776858,D,252,6441
1664521597,P,397,5894
1654450774,D,437,4349
1673049340,D,362,4106
1670081945,P,350,3977
1667987327,D,443,3770
1652548308,D,289,3745
1675024230,D,275,6429
1646384975,P,436,5240
1660573493,P,446,3120
1660676556,D,354,2539
1660737995,P,377,6819
1651354267,P,256,2947
1676567230,P,416,5498
1672093992,P,276,6370
1663617319,D,362,3351
1673635521,D,279,6527
1650901973,P,247,2987
1657527426,P,369,5608
1658793746,P,265,4208
1662488643,D,274,6154
1672094164,P,278,6020
1676978377,P,307,5804
1666693375,P,372,6727
1659061047,P,260,3243
1651406841,P,421,4117
1664297438,P,249,5214
1660012592,D,328,6901
1672609830,D,347,3227
1654644829,P,356,4960
1648083542,P,245,5405
1654505371,D,372,6972
1665249447,D,347,4624
1672105352,D,278,2772
1658649089,D,380,2686
1670384225,P,302,6461
1655412845,D,334,5653
1651833578,P,239,3864
1663085156,D,362,2706
1671788259,P,351,5544
1659995177,P,454,5332
1671870174,P,317,3403
1660894703,P,327,4807
1663998689,D,307,5572
1649447611,P,451,6755
1657617254,D,432,4584
1652606409,D,445,5818
1656039380,D,427,6787
1659727185,P,331,3291
1666869417,P,448,4027
1661999668,D,316,2659
1646296914,P,346,3313
1647496543,D,445,5459
1673811936,P,432,6268
1651127869,P,451,3284
1658290076,D,298,3754
1676328361,P,443,2554
1660266666,D,416,5049
1649058590,P,236,6407
1656334189,D,346,6566
1660846990,P,356,4290
1662256273,D,453,5059
1657239006,P,303,4219
1646573939,P,242,4806
1651943699,P,370,6308
1652845365,D,456,4588
1650089117,D,427,5821
1667211418,D,339,3134
1647553569,D,326,3471
1668732786,D,255,6165
1662510485,P,409,6986
1662254450,P,311,5790
1672756131,P,453,4381
1651481498,D,397,2978
1651795402,P,273,4297
1672231042,D,246,3064
1672348166,P,403,5140
1671222573,D,264,2747
1660694868,P,259,5149
1675969749,D,358,3468
1646445139,D,344,3130
1666239064,D,393,4406
1650014849,D,257,4504
1653405444,D,262,6020
1661920809,D,449,6830
1650306177,D,315,2798
1657232269,P,426,5444
1651394520,P,242,6524
1659906265,P,327,3616
1657062655,P,456,4732
1672061324,P,453,3641
1646592879,D,303,5869
1675235734,D,403,6505
1650449580,D,354,5808
1657305202,D,380,5402
1657635596,D,344,3569
1651149510,P,456,6544
1662318403,D,315,5125
1652946068,P,418,6604
1670659243,P,376,6090
1653305383,D,278,4423
1668834030,P,259,2941
1675916591,P,317,3769
1656127514,P,282,6215
1650175891,P,258,2544
1650721151,D,303,5648
1663752499,D,442,6316
1670556826,D,355,2994
1674488072,D,437,3683
1652785671,D,404,3402
1674381270,P,441,2739
1657940056,D,265,4532
1649328394,P,244,4426
1650425154,P,427,5377
1668559810,D,309,4742
1654330759,D,373,5585
1649147610,D,323,5699
1663562542,P,405,4531
1663732122,D,412,4325
1648446648,P,394,3813
1648776459,P,291,4696
1672656353,D,399,4713
1648023826,D,254,6296
1658022717,P,267,6926
1673558380,P,305,2932
1650340485,P,328,3641
1671595856,P,250,5722
1651143070,P,311,5110
1654182362,P,391,2944
1654597939,P,404,4244
1653853105,P,270,5425
1671907150,P,375,3601
1657816148,P,310,4422
1672077059,P,359,6779
1661303209,D,340,3165
1653738701,P,426,5850
1652573604,D,354,4109
1675568396,D,250,4015
1674583181,D,403,2588
1668283747,D,358,3732
1658557683,P,382,2858
1669438541,D,270,4039
1670133308,P,299,5466
1654212078,D,297,3184
1662807159,D,358,3550
1665422734,P,421,3419
1677437021,P,262,6760
1661191347,P,257,6115
1651486142,D,357,4245
1676628201,D,240,3817
1672518227,P,382,5784
1661771036,P,313,4087
1670622970,D,239,4084
1647967688,P,316,6636
1650103992,D,327,5875
1650784472,D,320,4869
1675012243,D,443,6701
1664896201,D,431,5942
1674935244,D,425,5531
1657809186,D,248,6063
1660801243,D,402,5191
1658192218,P,308,6571
1670926652,P,238,6825
1652108370,P,391,2657
1647424494,D,276,6818
1663134740,D,345,2811
1648718656,P,293,3711
1670557546,P,315,6789
1664738074,D,245,6859
1673571473,D,367,6289
1652920711,P,287,3181
1675543451,P,452,4829
1663682568,D,308,5764
1658396468,P,374,4941
1675780810,P,282,4941
1655108798,P,315,5548
1652976258,P,427,6775
1656728640,P,352,5409
1652605446,D,308,6876
1652345460,D,314,5109
1646681834,P,390,3274
1671852022,D,298,4554
1676902123,D,418,3769
1674376787,D,300,3773
1650629237,P,435,3479
1661544568,P,333,6687
1667352259,D,349,3929
1666597644,D,310,3681
1672252489,D,376,4837
1671422165,D,306,3745
1664760225,P,246,6216
1672159384,P,421,4302
1647541369,D,311,3066
1646482798,P,336,3882
1652684619,P,432,6029
1658467898,D,322,5000
1648303635,P,410,5577
1653545942,D,428,6861
1656503558,P,425,4479
1654046732,D,334,6961
1660492652,D,276,2832
1660171582,P,247,4796
1662709898,P,322,6107
1674445287,D,382,6517
1660471866,D,443,6651
1676841318,P,304,5651
1658495056,D,297,4088
1658942222,P,361,6440
1668733173,D,316,3516
1675294498,P,267,5670
1667571541,D,447,2647
1673717318,D,294,5320
1664233827,D,345,5050
1657211557,D,264,3111
1653494556,P,291,5256
1676029594,D,410,4841
1653744710,P,294,3155
1660081480,D,347,6357
1664412177,P,407,2965
1666280288,P,340,3706
1671445853,P,255,3495
1646502677,D,446,3044
1672967649,P,296,3712
1664529352,D,302,6381
1652301285,P,276,4207
1672229874,P,390,6015
1668929825,D,314,4551
1665679381,P,343,3539
1662476645,P,344,3817
1650812781,D,358,6239
1659311904,P,432,2787
1658572929,D,309,6089
1646321880,P,432,5983
1668662446,D,344,3299
1660357504,D,401,5372
1670251835,D,414,4508
1656667080,D,271,3796
1658263385,D,302,6859
1665356229,P,436,2558
1651500642,D,278,4777
1673519699,D,349,6993
1647835325,P,368,6906
1658943540,D,418,2769
1677474211,P,388,6557
1667928169,P,351,6240
1674777132,D,283,6349
1654540043,D,341,3629
1658195808,D,417,4244
1658866376,D,447,4065
1677384818,P,390,5988
1664153783,D,447,5082
1674595397,P,276,5816
1674231064,D,430,2741
1656445693,D,270,3108
1660116970,P,365,3087
1675762928,D,318,3071
1661350954,P,264,5396
1675169803,P,341,4771
1673132225,D,235,6296
1654403052,D,343,4594
1655443690,D,370,6886
1676584176,P,413,2740
1654339251,P,450,5240
1648341786,P,315,6783
1658118311,D,298,6388
1663715164,D,299,4669
1671056295,P,326,5275
1670801116,D,448,3954
1665976568,P,397,3657
1658958872,D,418,5530
1653272051,D,385,3081
1672522624,P,265,4382
1663441602,P,235,6865
1670593071,D,247,6413
1670746990,P,412,3533
1667360110,P,240,6703
1661853199,D,268,6981
1653064650,P,351,5287
1666108231,D,391,5392
1661719378,D,411,3934
1668274862,D,449,6926
1665895211,P,420,3333
1662400623,D,302,3269
1667680239,P,445,6913
1662558396,P,388,4501
1676014512,P,349,5173
1659065604,D,275,5826
1652573065,D,370,2693
1660795112,P,327,5133
1650476682,D,344,4798
1670800616,P,417,5461
1673155842,D,444,4270
1668392128,P,328,5762
1651737906,P,354,3434
1662410982,D,338,6510
1648850428,D,449,6100
1647137591,D,432,6797
1654468786,P,367,2997
1658267044,P,394,6954
1673877395,D,383,4685
1665563229,D,261,5066
1661197863,D,409,3236
1676118552,D,411,3321
1646515800,D,400,5413
1650731839,P,323,6929
1668619957,D,383,3916
1666926981,P,362,3924
1671538476,D,349,5533
1650093597,P,401,6030
1675007547,P,426,5839
1668768950,D,361,5185
1675551762,P,247,4539
1665934923,P,418,6278
1670164214,P,342,3041
1650838129,P,321,6654
1677023567,P,444,2861
1651585059,P,292,3652
1674621683,P,382,6833
1660640215,D,429,6981
1654644949,P,334,5489
1664350256,P,273,2754
1659302855,P,451,5624
1653046423,P,254,6895
1676773993,P,235,4535
1648481132,P,380,6371
1650048626,D,385,2841
1653955384,P,376,4981
1664058362,D,335,6843
1665359118,D,353,6062
1662652541,P,452,5046
1676498156,P,368,3282
1658234661,P,300,3202
1661880630,D,407,3545
1660363624,D,408,4982
1664412923,P,374,6912
1651158026,P,377,4798
1672707661,D,260,5840
1674259103,D,271,3861
1674849156,D,352,5972
1670426953,D,259,6531
1660038714,P,235,3889
1675601358,D,417,3789
1647686116,P,356,4246
1653673632,D,252,4344
1669255373,P,265,3170
1670437374,P,421,4256
1665245430,D,418,5783
1669864973,P,267,2979
1673186695,P,360,6052
1661939644,P,349,3380
1670111322,P,238,3895
1660108823,P,257,6316
1646135930,P,445,6076
1670628553,P,350,4825
1675863470,D,279,3356
1666731931,P,340,4764
1655349351,D,269,3556
1649964920,P,263,6055
1672476564,D,317,3724
1654916917,P,396,4497
1668491238,P,316,5495
1670598267,D,282,3964
1651206954,P,261,5066
1676615461,D,317,4532
1668336035,D,403,3074
1655570535,P,378,2900
1661108963,P,335,5434
1658042612,P,278,5249
1647136785,D,456,2923
1673643686,P,408,4517
1646638385,P,418,5362
1655527128,D,337,6250
1662667738,D,251,3324
1652449722,D,340,5210
1673919270,P,364,5820
1668210507,D,291,3518
1657897551,D,381,4991
1654269691,D,242,3624
1665839809,D,437,2548
1653078955,D,248,5136
1672986980,D,258,3930
1651894686,D,395,6738
1652929083,P,269,5671
1659882621,D,419,4410
1657299993,P,253,4274
1648550242,P,418,5093
1648971123,D,399,3559
1676870905,D,359,6993
1675866334,P,434,3084
1669682548,D,337,4864
1648088501,D,258,2771
1670672505,D,337,5080
1661368660,D,237,6298
1669216284,P,426,4407
1668493295,P,399,4306
1669570312,P,289,2722
1658480561,D,264,4869
1654239705,P,306,6657
1671590732,D,330,4281
1653245946,P,404,5402
1677190865,P,272,5052
1672438893,P,314,4199
1673092608,D,452,4177
1662997054,P,376,6339
1650860720,P,449,2626
1673674166,P,270,3490
1669629026,P,357,4532
1659146229,D,426,3525
1659888197,D,453,4890
1667580047,P,421,5590
1666316784,D,414,6294
1656172762,D,445,4905
1668881616,P,418,5818
1662322796,D,311,4443
1669779761,D,330,6762
1675668896,P,413,6319
1658741561,P,352,6217
1646634265,P,252,5248
1650971502,D,288,5174
1665453283,D,315,2710
1662445838,D,362,3676
1667116818,D,380,3488
1662621014,D,266,6827
1652414123,P,361,5052
1672017364,P,403,5549
1664778456,P,259,3067
1653198473,D,392,4990
1668662125,P,302,5819
1670635271,P,383,2586
1646468942,P,295,5798
1650369075,D,319,5755
1676985065,P,378,6458
1664390359,D,260,3580
1650837706,D,308,4451
1649044839,D,434,4630
1665250583,D,278,3395
1667835307,P,332,3722
1656693337,D,258,5507
1665011166,P,318,3837
1665134209,P,271,6010
1659647959,D,340,4601
1649942144,D,310,3578
1675564284,P,313,2842
1662661321,D,369,3817
1661112583,P,278,2578
1675574982,P,290,3426
1657399063,D,449,3302
1658548142,P,351,5740
1646284567,D,265,4115
1655931430,P,276,5171
1668688737,P,257,4194
1662327384,P,332,6775
1664458701,D,443,5640
1656647891,D,412,6688
1648894079,P,393,4796
1672326709,D,419,6901
1656402609,D,338,2586
1649014338,P,335,2620
1672029830,P,360,4659
1651108535,P,373,2894
1648383477,P,355,3059
1649608398,D,289,3851
1675756982,P,287,5547
1661606715,D,388,3833
1662528765,P,361,3287
1657204609,P,296,3987
1670855887,P,295,2798
1648185343,D,424,2588
1647689542,P,237,6076
1651277666,D,368,5247
1651121197,D,387,2766
1659300515,P,316,4321
1671259425,D,400,5753
1654195479,D,434,6202
1649241818,P,399,4899
1651931649,P,260,4818
1674612180,D,348,3494
1669550967,P,325,5131
1652399368,D,421,5628
1648178117,D,269,6819
1676102685,D,365,3645
1677266605,D,248,5729
1649235245,P,279,5887
1664018206,P,377,5196
1663395776,P,421,4748
1671769218,P,392,6889
1656997550,P,381,3163
1656675402,P,240,2835
1673714135,D,434,2583
1651505376,P,308,4722
1662125865,P,323,5353
1663374027,D,447,5122
1666931591,D,268,5421
1677593715,P,356,3030
1669263761,D,456,6393
1672979050,D,430,5063
1660769622,D,323,5476
1671959314,D,448,2671
1654687298,D,292,5514
1656903978,P,293,5282
1658427118,P,299,4796
1665110955,P,409,4666
1673970106,P,454,5602
1647828392,D,418,4320
1677340024,D,452,4899
1675450225,P,299,6069
1646243476,D,352,5069
1661852353,D,259,3553
1673978745,P,339,6483
1654586832,P,348,5138
1671509691,D,259,5568
1668772913,D,347,3769
1652871334,P,304,6195
1649473039,D,236,2936
1660041352,D,277,6267
1673118377,D,331,3087
1647277704,D,341,3632
1660671943,P,396,5331
1664453350,P,288,2707
1663992112,D,235,5889
1648281233,P,312,6898
1649600243,D,388,6623
1655369496,D,343,3725
1657456713,P,396,6854
1647882176,D,241,3631
1649260959,D,268,6193
1665958194,D,399,4829
1650731754,D,358,6465
1667572436,P,309,5148
1658404871,P,423,4876
1664407485,P,453,6027
1671206240,P,402,2836
1667196614,P,294,5232
1655171100,P,327,5241
1675453078,D,322,5671
1666439558,D,455,2690
1655019252,D,365,2963
1657744963,D,445,4603
1661395452,P,410,5952
1650294472,P,278,5791
1673486290,P,290,2788
1666624579,D,260,6503
1646335362,P,393,5255
1677089737,P,247,6196
1649018935,D,430,4246
1653589989,P,297,5524
1652200792,D,234,2984
1647001300,D,415,4031
1669833769,D,304,4269
1664011107,D,328,5941
1651267923,P,364,5163
1649681062,D,298,6238
1653831070,P,256,3117
1655214444,P,444,6071
1675549827,P,313,6496
1670859960,P,321,5464
1663838466,D,285,6206
1649094514,P,448,4181
1674125393,P,409,2746
1657825049,D,392,5722
1662812632,P,240,6374
1647669136,P,366,6268
1663309201,P,326,6200
1668390568,P,419,5279
1664055193,D,413,2647
1667112994,P,387,6584
1649154630,D,446,2875
1671805891,D,384,2783
1655486940,D,380,4634
1669550868,D,413,6896
1659724265,P,389,3850
1654021167,P,453,3663
1659468814,P,293,6462
1667132888,P,309,3200
1648700535,D,312,3154
1674414413,P,330,3579
1664575468,D,383,3339
1677019493,P,344,5014
1648253219,P,409,5705
1668108361,D,451,4618
1666273299,D,245,4993
1675562230,P,269,5340
1647163638,D,450,5319
1662254849,D,359,3968
1655599705,P,267,4921
1672939570,P,443,4821
1651681666,D,286,3835
1675539529,D,265,4323
1650052981,D,429,2528
1667598574,P,370,4843
1661999168,D,309,3260
1647778779,D,314,6021
1654385665,D,308,4795
1664866812,D,258,2881
1658409839,P,276,2571
1673965185,P,411,4797
1659119621,P,238,2845
1671860801,D,253,6948
1663159298,D,311,3639
1659208740,D,369,3040
1664206006,P,312,2728
1658001299,P,433,3892
1665016912,P,257,4124
1673710252,P,370,2776
1651664485,P,340,4804
1652899958,D,264,4195
1672391538,P,236,4454
1649596857,D,445,6604
1654286894,P,307,5349
1672184366,D,338,4898
1654595644,D,359,3674
1663755527,P,324,5687
1671575958,P,298,4604
1649039341,D,387,5763
1668809697,P,250,3815
1652569884,D,383,5931
1648131009,D,378,2950
1652495966,P,234,5037
1671060379,D,308,3615
1665298438,D,388,6886
1651217926,D,394,3204
1653491591,P,330,3640
1660866138,P,425,4848
1652760883,P,251,2638
1675998193,P,428,4776
1647013995,P,314,6439
1654429060,D,373,4882
1659205322,D,285,4056
1654206265,P,368,5725
1660171538,D,356,3641
1674710010,D,394,3133
1663651457,P,419,4047
1663545526,D,432,2718
1669998437,D,313,6893
1655095168,D,398,6898
1674447830,P,327,3572
1665970845,P,444,4809
1667547361,P,270,3198
1647273759,D,328,4478
1673081673,D,308,6943
1668529301,P,309,3933
1666127349,D,246,6877
1651312219,P,371,5215
1672062576,D,319,3108
1648213423,D,291,4803
1675340306,P,309,3935
1648367232,P,376,6073
1666292971,P,365,5899
1651702559,D,283,6971
1657609782,P,235,4062
1659816217,D,290,3698
1648584539,D,409,4762
1648257621,P,356,4503
1655076954,D,444,5397
1667554392,P,377,6562
1673762645,P,310,6461
1671745766,D,449,3163
1646897899,P,278,3728
1649755318,P,367,3408
1653169345,P,272,6500
1676563098,D,415,2585
1668523099,D,245,3907
1648884996,P,431,2780
1656002616,D,277,2764
1663130515,P,292,6656
1667765882,P,354,3902
1675931869,D,267,3567
1665402129,D,313,4312
1647592943,D,322,3804
1647593024,P,429,2827
1660180999,D,390,6762
1666051424,D,303,4645
1668090701,P,352,6707
1669948247,P,397,5252
1655260724,P,275,3566
1672712678,D,432,4205
1676098146,P,249,3568
1655244962,D,338,3768
1661338370,P,301,2685
1675324083,D,440,2877
1672180098,D,378,6502
1676582963,D,357,2835
1648706327,P,437,4756
1655471399,P,347,5820
1647231235,P,437,6098
1666874999,D,424,2708
1674078989,P,324,6842
1677568187,D,454,6139
1647342509,D,434,4027
1674994312,D,442,6677
1667624976,P,394,3119
1671828621,D,397,6493
1658512042,D,281,4028
1666277776,D,302,6141
1654782457,D,326,3001
1657188065,D,240,5732
1670925183,D,307,3076
1671611529,P,448,3375
1667901151,D,351,4483
1668229464,D,362,5358
1668632153,D,310,6300
1670310422,D,271,4660
1673778995,D,374,4492
1667794662,D,446,3097
1669951663,D,363,5423
1668474909,P,450,6045
1654312275,P,428,5766
1666545336,D,388,4505
1658689413,P,356,4502
1675879779,D,304,4737
1647748510,P,415,3726
1651859655,P,413,4272
1652660954,D,373,5644
1652447990,D,379,6224
1661626825,P,322,4241
1656954655,D,394,5748
1667204666,P,290,3082
1667409425,D,308,5957
1661930992,D,356,2874
1668699899,P,389,6410
1666789094,D,270,5166
1653994167,D,440,2787
1675727991,D,299,5308
1647948328,P,345,3866
1659837267,D,319,2977
1671421010,P,385,4513
1675241273,D,392,3829
1663544804,D,453,3507
1662258819,D,378,2864
1671266535,P,339,2699
1656764583,P,304,5544
1675447159,P,323,3879
1676083866,D,425,5409
1664942988,P,438,5760
1666198595,D,429,6815
1652929056,D,441,4524
1651374989,P,404,6386
1647494842,P,447,5817
1667691520,D,302,4746
1677482573,D,246,6006
1662475967,P,284,3431
1666782303,D,252,6971
1672898497,D,375,3879
1654694237,D,419,6916
1657888873,D,438,5964
1662330226,P,397,5249
1652245005,P,304,3552
1668801139,D,263,3583
1660544155,D,386,5589
1658682370,P,306,4751
1664812640,P,302,4776
1654880308,P,382,5792
1674446006,P,308,2806
1674033084,P,429,6367
1661020030,D,449,6658
1653039553,P,274,6671
1658047693,D,455,5350
1667006394,P,426,5189
1671624229,P,272,5198
1661584513,P,371,5720
1674581280,P,323,3237
1669721242,D,315,4939
1667806662,D,414,5786
1674795809,P,248,3258
1651640572,D,386,3985
1652452514,P,252,6058
1670347847,P,379,4205
1652176495,P,403,5252
1676752700,D,367,6615
1673030166,D,401,3521
1646957896,D,305,5355
1676418744,D,429,5666
1675420285,D,432,4912
1652038185,P,407,4796
1671240105,P,241,6499
1665406741,P,403,3249
1648791841,P,412,6312
1671298398,D,394,5263
1653457158,P,415,5571
1653724275,P,275,6061
1661059789,P,407,2655
1655039804,D,358,6523
1646484666,P,432,6178
